hp,dp,ap,hAmt,dAmt,aAmt,fairH,fairD,fairA,finalH,finalD,finalA,liabilityH,liabilityD,liabilityA,pnlH,pnlD,pnlA,maxLoss,riskRatio,hhi,entropy,dominance
0.0000,0.0000,1.0000,0,0,10000000,Inf,Inf,1.000,999.000,999.000,0.920,0,0,9200000,10000000,10000000,800000,800000,0.9200,1.0000,0.0000,extreme
0.0000,0.0500,0.9500,0,500000,9500000,Inf,20.000,1.053,999.000,18.398,0.968,0,9199190,9200000,10000000,800810,800000,800000,0.9200,0.9050,0.2864,extreme
0.0000,0.1000,0.9000,0,1000000,9000000,Inf,10.000,1.111,999.000,9.200,1.022,0,9199687,9200000,10000000,800313,800000,800000,0.9200,0.8200,0.4690,extreme
0.0000,0.1500,0.8500,0,1500000,8500000,Inf,6.667,1.176,999.000,6.133,1.082,0,9199853,9200000,10000000,800147,800000,800000,0.9200,0.7450,0.6098,extreme
0.0000,0.2000,0.8000,0,2000000,8000000,Inf,5.000,1.250,999.000,4.600,1.150,0,9199936,9200000,10000000,800064,800000,800000,0.9200,0.6800,0.7219,extreme
0.0000,0.2500,0.7500,0,2500000,7500000,Inf,4.000,1.333,999.000,3.680,1.227,0,9199985,9200000,10000000,800015,800000,800000,0.9200,0.6250,0.8113,heavy
0.0000,0.3000,0.7000,0,3000000,7000000,Inf,3.333,1.429,999.000,3.067,1.314,0,9200000,9200000,10000000,800000,800000,800000,0.9200,0.5800,0.8813,heavy
0.0000,0.3500,0.6500,0,3500000,6500000,Inf,2.857,1.538,999.000,2.629,1.415,0,9200000,9200000,10000000,800000,800000,800000,0.9200,0.5450,0.9341,heavy
0.0000,0.4000,0.6000,0,4000000,6000000,Inf,2.500,1.667,999.000,2.300,1.533,0,9200000,9200000,10000000,800000,800000,800000,0.9200,0.5200,0.9710,heavy
0.0000,0.4500,0.5500,0,4500000,5500000,Inf,2.222,1.818,999.000,2.044,1.673,0,9200000,9200000,10000000,800000,800000,800000,0.9200,0.5050,0.9928,moderate
0.0000,0.5000,0.5000,0,5000000,5000000,Inf,2.000,2.000,999.000,1.840,1.840,0,9200000,9200000,10000000,800000,800000,800000,0.9200,0.5000,1.0000,moderate
0.0000,0.5500,0.4500,0,5500000,4500000,Inf,1.818,2.222,999.000,1.673,2.044,0,9200000,9200000,10000000,800000,800000,800000,0.9200,0.5050,0.9928,moderate
0.0000,0.6000,0.4000,0,6000000,4000000,Inf,1.667,2.500,999.000,1.533,2.300,0,9200000,9200000,10000000,800000,800000,800000,0.9200,0.5200,0.9710,heavy
0.0000,0.6500,0.3500,0,6500000,3500000,Inf,1.538,2.857,999.000,1.415,2.629,0,9200000,9200000,10000000,800000,800000,800000,0.9200,0.5450,0.9341,heavy
0.0000,0.7000,0.3000,0,7000000,3000000,Inf,1.429,3.333,999.000,1.314,3.067,0,9200000,9200000,10000000,800000,800000,800000,0.9200,0.5800,0.8813,heavy
0.0000,0.7500,0.2500,0,7500000,2500000,Inf,1.333,4.000,999.000,1.227,3.680,0,9200000,9199978,10000000,800000,800022,800000,0.9200,0.6250,0.8113,heavy
0.0000,0.8000,0.2000,0,8000000,2000000,Inf,1.250,5.000,999.000,1.150,4.600,0,9200000,9199926,10000000,800000,800074,800000,0.9200,0.6800,0.7219,extreme
0.0000,0.8500,0.1500,0,8500000,1500000,Inf,1.176,6.667,999.000,1.082,6.133,0,9200000,9199841,10000000,800000,800159,800000,0.9200,0.7450,0.6098,extreme
0.0000,0.9000,0.1000,0,9000000,1000000,Inf,1.111,10.000,999.000,1.022,9.200,0,9200000,9199669,10000000,800000,800331,800000,0.9200,0.8200,0.4690,extreme
0.0000,0.9500,0.0500,0,9500000,500000,Inf,1.053,20.000,999.000,0.968,18.398,0,9200000,9199154,10000000,800000,800846,800000,0.9200,0.9050,0.2864,extreme
0.0000,1.0000,0.0000,0,10000000,0,Inf,1.000,Inf,999.000,0.920,999.000,0,9200000,0,10000000,800000,10000000,800000,0.9200,1.0000,0.0000,extreme
0.0500,0.0000,0.9500,500000,0,9500000,20.000,Inf,1.053,18.397,999.000,0.968,9198528,0,9200000,801472,10000000,800000,800000,0.9200,0.9050,0.2864,extreme
0.0500,0.0500,0.9000,500000,500000,9000000,20.000,20.000,1.111,18.397,18.398,1.022,9198528,9199190,9200000,801472,800810,800000,800000,0.9200,0.8150,0.5690,extreme
0.0500,0.1000,0.8500,500000,1000000,8500000,20.000,10.000,1.176,18.397,9.200,1.082,9198528,9199687,9200000,801472,800313,800000,800000,0.9200,0.7350,0.7476,extreme
0.0500,0.1500,0.8000,500000,1500000,8000000,20.000,6.667,1.250,18.397,6.133,1.150,9198528,9199853,9200000,801472,800147,800000,800000,0.9200,0.6650,0.8842,extreme
0.0500,0.2000,0.7500,500000,2000000,7500000,20.000,5.000,1.333,18.397,4.600,1.227,9198528,9199936,9200000,801472,800064,800000,800000,0.9200,0.6050,0.9918,heavy
0.0500,0.2500,0.7000,500000,2500000,7000000,20.000,4.000,1.429,18.397,3.680,1.314,9198528,9199985,9200000,801472,800015,800000,800000,0.9200,0.5550,1.0763,heavy
0.0500,0.3000,0.6500,500000,3000000,6500000,20.000,3.333,1.538,18.397,3.067,1.415,9198528,9200000,9200000,801472,800000,800000,800000,0.9200,0.5150,1.1412,heavy
0.0500,0.3500,0.6000,500000,3500000,6000000,20.000,2.857,1.667,18.397,2.629,1.533,9198528,9200000,9200000,801472,800000,800000,800000,0.9200,0.4850,1.1884,heavy
0.0500,0.4000,0.5500,500000,4000000,5500000,20.000,2.500,1.818,18.397,2.300,1.673,9198528,9200000,9200000,801472,800000,800000,800000,0.9200,0.4650,1.2192,moderate
0.0500,0.4500,0.5000,500000,4500000,5000000,20.000,2.222,2.000,18.397,2.044,1.840,9198528,9200000,9200000,801472,800000,800000,800000,0.9200,0.4550,1.2345,moderate
0.0500,0.5000,0.4500,500000,5000000,4500000,20.000,2.000,2.222,18.397,1.840,2.044,9198528,9200000,9200000,801472,800000,800000,800000,0.9200,0.4550,1.2345,moderate
0.0500,0.5500,0.4000,500000,5500000,4000000,20.000,1.818,2.500,18.397,1.673,2.300,9198528,9200000,9200000,801472,800000,800000,800000,0.9200,0.4650,1.2192,moderate
0.0500,0.6000,0.3500,500000,6000000,3500000,20.000,1.667,2.857,18.397,1.533,2.629,9198528,9200000,9200000,801472,800000,800000,800000,0.9200,0.4850,1.1884,heavy
0.0500,0.6500,0.3000,500000,6500000,3000000,20.000,1.538,3.333,18.397,1.415,3.067,9198528,9200000,9200000,801472,800000,800000,800000,0.9200,0.5150,1.1412,heavy
0.0500,0.7000,0.2500,500000,7000000,2500000,20.000,1.429,4.000,18.397,1.314,3.680,9198528,9200000,9199978,801472,800000,800022,800000,0.9200,0.5550,1.0763,heavy
0.0500,0.7500,0.2000,500000,7500000,2000000,20.000,1.333,5.000,18.397,1.227,4.600,9198528,9200000,9199926,801472,800000,800074,800000,0.9200,0.6050,0.9918,heavy
0.0500,0.8000,0.1500,500000,8000000,1500000,20.000,1.250,6.667,18.397,1.150,6.133,9198528,9200000,9199841,801472,800000,800159,800000,0.9200,0.6650,0.8842,extreme
0.0500,0.8500,0.1000,500000,8500000,1000000,20.000,1.176,10.000,18.397,1.082,9.200,9198528,9200000,9199669,801472,800000,800331,800000,0.9200,0.7350,0.7476,extreme
0.0500,0.9000,0.0500,500000,9000000,500000,20.000,1.111,20.000,18.397,1.022,18.398,9198528,9200000,9199154,801472,800000,800846,800000,0.9200,0.8150,0.5690,extreme
0.0500,0.9500,0.0000,500000,9500000,0,20.000,1.053,Inf,18.397,0.968,999.000,9198528,9200000,0,801472,800000,10000000,800000,0.9200,0.9050,0.2864,extreme
0.1000,0.0000,0.9000,1000000,0,9000000,10.000,Inf,1.111,9.199,999.000,1.022,9199356,0,9200000,800644,10000000,800000,800000,0.9200,0.8200,0.4690,extreme
0.1000,0.0500,0.8500,1000000,500000,8500000,10.000,20.000,1.176,9.199,18.398,1.082,9199356,9199190,9200000,800644,800810,800000,800000,0.9200,0.7350,0.7476,extreme
0.1000,0.1000,0.8000,1000000,1000000,8000000,10.000,10.000,1.250,9.199,9.200,1.150,9199356,9199687,9200000,800644,800313,800000,800000,0.9200,0.6600,0.9219,extreme
0.1000,0.1500,0.7500,1000000,1500000,7500000,10.000,6.667,1.333,9.199,6.133,1.227,9199356,9199853,9200000,800644,800147,800000,800000,0.9200,0.5950,1.0540,heavy
0.1000,0.2000,0.7000,1000000,2000000,7000000,10.000,5.000,1.429,9.199,4.600,1.314,9199356,9199936,9200000,800644,800064,800000,800000,0.9200,0.5400,1.1568,heavy
0.1000,0.2500,0.6500,1000000,2500000,6500000,10.000,4.000,1.538,9.199,3.680,1.415,9199356,9199985,9200000,800644,800015,800000,800000,0.9200,0.4950,1.2362,heavy
0.1000,0.3000,0.6000,1000000,3000000,6000000,10.000,3.333,1.667,9.199,3.067,1.533,9199356,9200000,9200000,800644,800000,800000,800000,0.9200,0.4600,1.2955,heavy
0.1000,0.3500,0.5500,1000000,3500000,5500000,10.000,2.857,1.818,9.199,2.629,1.673,9199356,9200000,9200000,800644,800000,800000,800000,0.9200,0.4350,1.3367,moderate
0.1000,0.4000,0.5000,1000000,4000000,5000000,10.000,2.500,2.000,9.199,2.300,1.840,9199356,9200000,9200000,800644,800000,800000,800000,0.9200,0.4200,1.3610,moderate
0.1000,0.4500,0.4500,1000000,4500000,4500000,10.000,2.222,2.222,9.199,2.044,2.044,9199356,9200000,9200000,800644,800000,800000,800000,0.9200,0.4150,1.3690,moderate
0.1000,0.5000,0.4000,1000000,5000000,4000000,10.000,2.000,2.500,9.199,1.840,2.300,9199356,9200000,9200000,800644,800000,800000,800000,0.9200,0.4200,1.3610,moderate
0.1000,0.5500,0.3500,1000000,5500000,3500000,10.000,1.818,2.857,9.199,1.673,2.629,9199356,9200000,9200000,800644,800000,800000,800000,0.9200,0.4350,1.3367,moderate
0.1000,0.6000,0.3000,1000000,6000000,3000000,10.000,1.667,3.333,9.199,1.533,3.067,9199356,9200000,9200000,800644,800000,800000,800000,0.9200,0.4600,1.2955,heavy
0.1000,0.6500,0.2500,1000000,6500000,2500000,10.000,1.538,4.000,9.199,1.415,3.680,9199356,9200000,9199978,800644,800000,800022,800000,0.9200,0.4950,1.2362,heavy
0.1000,0.7000,0.2000,1000000,7000000,2000000,10.000,1.429,5.000,9.199,1.314,4.600,9199356,9200000,9199926,800644,800000,800074,800000,0.9200,0.5400,1.1568,heavy
0.1000,0.7500,0.1500,1000000,7500000,1500000,10.000,1.333,6.667,9.199,1.227,6.133,9199356,9200000,9199841,800644,800000,800159,800000,0.9200,0.5950,1.0540,heavy
0.1000,0.8000,0.1000,1000000,8000000,1000000,10.000,1.250,10.000,9.199,1.150,9.200,9199356,9200000,9199669,800644,800000,800331,800000,0.9200,0.6600,0.9219,extreme
0.1000,0.8500,0.0500,1000000,8500000,500000,10.000,1.176,20.000,9.199,1.082,18.398,9199356,9200000,9199154,800644,800000,800846,800000,0.9200,0.7350,0.7476,extreme
0.1000,0.9000,0.0000,1000000,9000000,0,10.000,1.111,Inf,9.199,1.022,999.000,9199356,9200000,0,800644,800000,10000000,800000,0.9200,0.8200,0.4690,extreme
0.1500,0.0000,0.8500,1500000,0,8500000,6.667,Inf,1.176,6.133,999.000,1.082,9199632,0,9200000,800368,10000000,800000,800000,0.9200,0.7450,0.6098,extreme
0.1500,0.0500,0.8000,1500000,500000,8000000,6.667,20.000,1.250,6.133,18.398,1.150,9199632,9199190,9200000,800368,800810,800000,800000,0.9200,0.6650,0.8842,extreme
0.1500,0.1000,0.7500,1500000,1000000,7500000,6.667,10.000,1.333,6.133,9.200,1.227,9199632,9199687,9200000,800368,800313,800000,800000,0.9200,0.5950,1.0540,heavy
0.1500,0.1500,0.7000,1500000,1500000,7000000,6.667,6.667,1.429,6.133,6.133,1.314,9199632,9199853,9200000,800368,800147,800000,800000,0.9200,0.5350,1.1813,heavy
0.1500,0.2000,0.6500,1500000,2000000,6500000,6.667,5.000,1.538,6.133,4.600,1.415,9199632,9199936,9200000,800368,800064,800000,800000,0.9200,0.4850,1.2789,heavy
0.1500,0.2500,0.6000,1500000,2500000,6000000,6.667,4.000,1.667,6.133,3.680,1.533,9199632,9199985,9200000,800368,800015,800000,800000,0.9200,0.4450,1.3527,heavy
0.1500,0.3000,0.5500,1500000,3000000,5500000,6.667,3.333,1.818,6.133,3.067,1.673,9199632,9200000,9200000,800368,800000,800000,800000,0.9200,0.4150,1.4060,moderate
0.1500,0.3500,0.5000,1500000,3500000,5000000,6.667,2.857,2.000,6.133,2.629,1.840,9199632,9200000,9200000,800368,800000,800000,800000,0.9200,0.3950,1.4406,moderate
0.1500,0.4000,0.4500,1500000,4000000,4500000,6.667,2.500,2.222,6.133,2.300,2.044,9199632,9200000,9200000,800368,800000,800000,800000,0.9200,0.3850,1.4577,moderate
0.1500,0.4500,0.4000,1500000,4500000,4000000,6.667,2.222,2.500,6.133,2.044,2.300,9199632,9200000,9200000,800368,800000,800000,800000,0.9200,0.3850,1.4577,moderate
0.1500,0.5000,0.3500,1500000,5000000,3500000,6.667,2.000,2.857,6.133,1.840,2.629,9199632,9200000,9200000,800368,800000,800000,800000,0.9200,0.3950,1.4406,moderate
0.1500,0.5500,0.3000,1500000,5500000,3000000,6.667,1.818,3.333,6.133,1.673,3.067,9199632,9200000,9200000,800368,800000,800000,800000,0.9200,0.4150,1.4060,moderate
0.1500,0.6000,0.2500,1500000,6000000,2500000,6.667,1.667,4.000,6.133,1.533,3.680,9199632,9200000,9199978,800368,800000,800022,800000,0.9200,0.4450,1.3527,heavy
0.1500,0.6500,0.2000,1500000,6500000,2000000,6.667,1.538,5.000,6.133,1.415,4.600,9199632,9200000,9199926,800368,800000,800074,800000,0.9200,0.4850,1.2789,heavy
0.1500,0.7000,0.1500,1500000,7000000,1500000,6.667,1.429,6.667,6.133,1.314,6.133,9199632,9200000,9199841,800368,800000,800159,800000,0.9200,0.5350,1.1813,heavy
0.1500,0.7500,0.1000,1500000,7500000,1000000,6.667,1.333,10.000,6.133,1.227,9.200,9199632,9200000,9199669,800368,800000,800331,800000,0.9200,0.5950,1.0540,heavy
0.1500,0.8000,0.0500,1500000,8000000,500000,6.667,1.250,20.000,6.133,1.150,18.398,9199632,9200000,9199154,800368,800000,800846,800000,0.9200,0.6650,0.8842,extreme
0.1500,0.8500,0.0000,1500000,8500000,0,6.667,1.176,Inf,6.133,1.082,999.000,9199632,9200000,0,800368,800000,10000000,800000,0.9200,0.7450,0.6098,extreme
0.2000,0.0000,0.8000,2000000,0,8000000,5.000,Inf,1.250,4.600,999.000,1.150,9199770,0,9200000,800230,10000000,800000,800000,0.9200,0.6800,0.7219,extreme
0.2000,0.0500,0.7500,2000000,500000,7500000,5.000,20.000,1.333,4.600,18.398,1.227,9199770,9199190,9200000,800230,800810,800000,800000,0.9200,0.6050,0.9918,heavy
0.2000,0.1000,0.7000,2000000,1000000,7000000,5.000,10.000,1.429,4.600,9.200,1.314,9199770,9199687,9200000,800230,800313,800000,800000,0.9200,0.5400,1.1568,heavy
0.2000,0.1500,0.6500,2000000,1500000,6500000,5.000,6.667,1.538,4.600,6.133,1.415,9199770,9199853,9200000,800230,800147,800000,800000,0.9200,0.4850,1.2789,heavy
0.2000,0.2000,0.6000,2000000,2000000,6000000,5.000,5.000,1.667,4.600,4.600,1.533,9199770,9199936,9200000,800230,800064,800000,800000,0.9200,0.4400,1.3710,heavy
0.2000,0.2500,0.5500,2000000,2500000,5500000,5.000,4.000,1.818,4.600,3.680,1.673,9199770,9199985,9200000,800230,800015,800000,800000,0.9200,0.4050,1.4388,moderate
0.2000,0.3000,0.5000,2000000,3000000,5000000,5.000,3.333,2.000,4.600,3.067,1.840,9199770,9200000,9200000,800230,800000,800000,800000,0.9200,0.3800,1.4855,moderate
0.2000,0.3500,0.4500,2000000,3500000,4500000,5.000,2.857,2.222,4.600,2.629,2.044,9199770,9200000,9200000,800230,800000,800000,800000,0.9200,0.3650,1.5129,moderate
0.2000,0.4000,0.4000,2000000,4000000,4000000,5.000,2.500,2.500,4.600,2.300,2.300,9199770,9200000,9200000,800230,800000,800000,800000,0.9200,0.3600,1.5219,balanced
0.2000,0.4500,0.3500,2000000,4500000,3500000,5.000,2.222,2.857,4.600,2.044,2.629,9199770,9200000,9200000,800230,800000,800000,800000,0.9200,0.3650,1.5129,moderate
0.2000,0.5000,0.3000,2000000,5000000,3000000,5.000,2.000,3.333,4.600,1.840,3.067,9199770,9200000,9200000,800230,800000,800000,800000,0.9200,0.3800,1.4855,moderate
0.2000,0.5500,0.2500,2000000,5500000,2500000,5.000,1.818,4.000,4.600,1.673,3.680,9199770,9200000,9199978,800230,800000,800022,800000,0.9200,0.4050,1.4388,moderate
0.2000,0.6000,0.2000,2000000,6000000,2000000,5.000,1.667,5.000,4.600,1.533,4.600,9199770,9200000,9199926,800230,800000,800074,800000,0.9200,0.4400,1.3710,heavy
0.2000,0.6500,0.1500,2000000,6500000,1500000,5.000,1.538,6.667,4.600,1.415,6.133,9199770,9200000,9199841,800230,800000,800159,800000,0.9200,0.4850,1.2789,heavy
0.2000,0.7000,0.1000,2000000,7000000,1000000,5.000,1.429,10.000,4.600,1.314,9.200,9199770,9200000,9199669,800230,800000,800331,800000,0.9200,0.5400,1.1568,heavy
0.2000,0.7500,0.0500,2000000,7500000,500000,5.000,1.333,20.000,4.600,1.227,18.398,9199770,9200000,9199154,800230,800000,800846,800000,0.9200,0.6050,0.9918,heavy
0.2000,0.8000,0.0000,2000000,8000000,0,5.000,1.250,Inf,4.600,1.150,999.000,9199770,9200000,0,800230,800000,10000000,800000,0.9200,0.6800,0.7219,extreme
0.2500,0.0000,0.7500,2500000,0,7500000,4.000,Inf,1.333,3.680,999.000,1.227,9199853,0,9200000,800147,10000000,800000,800000,0.9200,0.6250,0.8113,heavy
0.2500,0.0500,0.7000,2500000,500000,7000000,4.000,20.000,1.429,3.680,18.398,1.314,9199853,9199190,9200000,800147,800810,800000,800000,0.9200,0.5550,1.0763,heavy
0.2500,0.1000,0.6500,2500000,1000000,6500000,4.000,10.000,1.538,3.680,9.200,1.415,9199853,9199687,9200000,800147,800313,800000,800000,0.9200,0.4950,1.2362,heavy
0.2500,0.1500,0.6000,2500000,1500000,6000000,4.000,6.667,1.667,3.680,6.133,1.533,9199853,9199853,9200000,800147,800147,800000,800000,0.9200,0.4450,1.3527,heavy
0.2500,0.2000,0.5500,2500000,2000000,5500000,4.000,5.000,1.818,3.680,4.600,1.673,9199853,9199936,9200000,800147,800064,800000,800000,0.9200,0.4050,1.4388,moderate
0.2500,0.2500,0.5000,2500000,2500000,5000000,4.000,4.000,2.000,3.680,3.680,1.840,9199853,9199985,9200000,800147,800015,800000,800000,0.9200,0.3750,1.5000,moderate
0.2500,0.3000,0.4500,2500000,3000000,4500000,4.000,3.333,2.222,3.680,3.067,2.044,9199853,9200000,9200000,800147,800000,800000,800000,0.9200,0.3550,1.5395,moderate
0.2500,0.3500,0.4000,2500000,3500000,4000000,4.000,2.857,2.500,3.680,2.629,2.300,9199853,9200000,9200000,800147,800000,800000,800000,0.9200,0.3450,1.5589,balanced
0.2500,0.4000,0.3500,2500000,4000000,3500000,4.000,2.500,2.857,3.680,2.300,2.629,9199853,9200000,9200000,800147,800000,800000,800000,0.9200,0.3450,1.5589,balanced
0.2500,0.4500,0.3000,2500000,4500000,3000000,4.000,2.222,3.333,3.680,2.044,3.067,9199853,9200000,9200000,800147,800000,800000,800000,0.9200,0.3550,1.5395,moderate
0.2500,0.5000,0.2500,2500000,5000000,2500000,4.000,2.000,4.000,3.680,1.840,3.680,9199853,9200000,9199978,800147,800000,800022,800000,0.9200,0.3750,1.5000,moderate
0.2500,0.5500,0.2000,2500000,5500000,2000000,4.000,1.818,5.000,3.680,1.673,4.600,9199853,9200000,9199926,800147,800000,800074,800000,0.9200,0.4050,1.4388,moderate
0.2500,0.6000,0.1500,2500000,6000000,1500000,4.000,1.667,6.667,3.680,1.533,6.133,9199853,9200000,9199841,800147,800000,800159,800000,0.9200,0.4450,1.3527,heavy
0.2500,0.6500,0.1000,2500000,6500000,1000000,4.000,1.538,10.000,3.680,1.415,9.200,9199853,9200000,9199669,800147,800000,800331,800000,0.9200,0.4950,1.2362,heavy
0.2500,0.7000,0.0500,2500000,7000000,500000,4.000,1.429,20.000,3.680,1.314,18.398,9199853,9200000,9199154,800147,800000,800846,800000,0.9200,0.5550,1.0763,heavy
0.2500,0.7500,0.0000,2500000,7500000,0,4.000,1.333,Inf,3.680,1.227,999.000,9199853,9200000,0,800147,800000,10000000,800000,0.9200,0.6250,0.8113,heavy
0.3000,0.0000,0.7000,3000000,0,7000000,3.333,Inf,1.429,3.067,999.000,1.314,9199908,0,9200000,800092,10000000,800000,800000,0.9200,0.5800,0.8813,heavy
0.3000,0.0500,0.6500,3000000,500000,6500000,3.333,20.000,1.538,3.067,18.398,1.415,9199908,9199190,9200000,800092,800810,800000,800000,0.9200,0.5150,1.1412,heavy
0.3000,0.1000,0.6000,3000000,1000000,6000000,3.333,10.000,1.667,3.067,9.200,1.533,9199908,9199687,9200000,800092,800313,800000,800000,0.9200,0.4600,1.2955,heavy
0.3000,0.1500,0.5500,3000000,1500000,5500000,3.333,6.667,1.818,3.067,6.133,1.673,9199908,9199853,9200000,800092,800147,800000,800000,0.9200,0.4150,1.4060,moderate
0.3000,0.2000,0.5000,3000000,2000000,5000000,3.333,5.000,2.000,3.067,4.600,1.840,9199908,9199936,9200000,800092,800064,800000,800000,0.9200,0.3800,1.4855,moderate
0.3000,0.2500,0.4500,3000000,2500000,4500000,3.333,4.000,2.222,3.067,3.680,2.044,9199908,9199985,9200000,800092,800015,800000,800000,0.9200,0.3550,1.5395,moderate
0.3000,0.3000,0.4000,3000000,3000000,4000000,3.333,3.333,2.500,3.067,3.067,2.300,9199908,9200000,9200000,800092,800000,800000,800000,0.9200,0.3400,1.5710,balanced
0.3000,0.3500,0.3500,3000000,3500000,3500000,3.333,2.857,2.857,3.067,2.629,2.629,9199908,9200000,9200000,800092,800000,800000,800000,0.9200,0.3350,1.5813,balanced
0.3000,0.4000,0.3000,3000000,4000000,3000000,3.333,2.500,3.333,3.067,2.300,3.067,9199908,9200000,9200000,800092,800000,800000,800000,0.9200,0.3400,1.5710,balanced
0.3000,0.4500,0.2500,3000000,4500000,2500000,3.333,2.222,4.000,3.067,2.044,3.680,9199908,9200000,9199978,800092,800000,800022,800000,0.9200,0.3550,1.5395,moderate
0.3000,0.5000,0.2000,3000000,5000000,2000000,3.333,2.000,5.000,3.067,1.840,4.600,9199908,9200000,9199926,800092,800000,800074,800000,0.9200,0.3800,1.4855,moderate
0.3000,0.5500,0.1500,3000000,5500000,1500000,3.333,1.818,6.667,3.067,1.673,6.133,9199908,9200000,9199841,800092,800000,800159,800000,0.9200,0.4150,1.4060,moderate
0.3000,0.6000,0.1000,3000000,6000000,1000000,3.333,1.667,10.000,3.067,1.533,9.200,9199908,9200000,9199669,800092,800000,800331,800000,0.9200,0.4600,1.2955,heavy
0.3000,0.6500,0.0500,3000000,6500000,500000,3.333,1.538,20.000,3.067,1.415,18.398,9199908,9200000,9199154,800092,800000,800846,800000,0.9200,0.5150,1.1412,heavy
0.3000,0.7000,0.0000,3000000,7000000,0,3.333,1.429,Inf,3.067,1.314,999.000,9199908,9200000,0,800092,800000,10000000,800000,0.9200,0.5800,0.8813,heavy
0.3500,0.0000,0.6500,3500000,0,6500000,2.857,Inf,1.538,2.629,999.000,1.415,9199947,0,9200000,800053,10000000,800000,800000,0.9200,0.5450,0.9341,heavy
0.3500,0.0500,0.6000,3500000,500000,6000000,2.857,20.000,1.667,2.629,18.398,1.533,9199947,9199190,9200000,800053,800810,800000,800000,0.9200,0.4850,1.1884,heavy
0.3500,0.1000,0.5500,3500000,1000000,5500000,2.857,10.000,1.818,2.629,9.200,1.673,9199947,9199687,9200000,800053,800313,800000,800000,0.9200,0.4350,1.3367,moderate
0.3500,0.1500,0.5000,3500000,1500000,5000000,2.857,6.667,2.000,2.629,6.133,1.840,9199947,9199853,9200000,800053,800147,800000,800000,0.9200,0.3950,1.4406,moderate
0.3500,0.2000,0.4500,3500000,2000000,4500000,2.857,5.000,2.222,2.629,4.600,2.044,9199947,9199936,9200000,800053,800064,800000,800000,0.9200,0.3650,1.5129,moderate
0.3500,0.2500,0.4000,3500000,2500000,4000000,2.857,4.000,2.500,2.629,3.680,2.300,9199947,9199985,9200000,800053,800015,800000,800000,0.9200,0.3450,1.5589,balanced
0.3500,0.3000,0.3500,3500000,3000000,3500000,2.857,3.333,2.857,2.629,3.067,2.629,9199947,9200000,9200000,800053,800000,800000,800000,0.9200,0.3350,1.5813,balanced
0.3500,0.3500,0.3000,3500000,3500000,3000000,2.857,2.857,3.333,2.629,2.629,3.067,9199947,9200000,9200000,800053,800000,800000,800000,0.9200,0.3350,1.5813,balanced
0.3500,0.4000,0.2500,3500000,4000000,2500000,2.857,2.500,4.000,2.629,2.300,3.680,9199947,9200000,9199978,800053,800000,800022,800000,0.9200,0.3450,1.5589,balanced
0.3500,0.4500,0.2000,3500000,4500000,2000000,2.857,2.222,5.000,2.629,2.044,4.600,9199947,9200000,9199926,800053,800000,800074,800000,0.9200,0.3650,1.5129,moderate
0.3500,0.5000,0.1500,3500000,5000000,1500000,2.857,2.000,6.667,2.629,1.840,6.133,9199947,9200000,9199841,800053,800000,800159,800000,0.9200,0.3950,1.4406,moderate
0.3500,0.5500,0.1000,3500000,5500000,1000000,2.857,1.818,10.000,2.629,1.673,9.200,9199947,9200000,9199669,800053,800000,800331,800000,0.9200,0.4350,1.3367,moderate
0.3500,0.6000,0.0500,3500000,6000000,500000,2.857,1.667,20.000,2.629,1.533,18.398,9199947,9200000,9199154,800053,800000,800846,800000,0.9200,0.4850,1.1884,heavy
0.3500,0.6500,0.0000,3500000,6500000,0,2.857,1.538,Inf,2.629,1.415,999.000,9199947,9200000,0,800053,800000,10000000,800000,0.9200,0.5450,0.9341,heavy
0.4000,0.0000,0.6000,4000000,0,6000000,2.500,Inf,1.667,2.300,999.000,1.533,9199977,0,9200000,800023,10000000,800000,800000,0.9200,0.5200,0.9710,heavy
0.4000,0.0500,0.5500,4000000,500000,5500000,2.500,20.000,1.818,2.300,18.398,1.673,9199977,9199190,9200000,800023,800810,800000,800000,0.9200,0.4650,1.2192,moderate
0.4000,0.1000,0.5000,4000000,1000000,5000000,2.500,10.000,2.000,2.300,9.200,1.840,9199977,9199687,9200000,800023,800313,800000,800000,0.9200,0.4200,1.3610,moderate
0.4000,0.1500,0.4500,4000000,1500000,4500000,2.500,6.667,2.222,2.300,6.133,2.044,9199977,9199853,9200000,800023,800147,800000,800000,0.9200,0.3850,1.4577,moderate
0.4000,0.2000,0.4000,4000000,2000000,4000000,2.500,5.000,2.500,2.300,4.600,2.300,9199977,9199936,9200000,800023,800064,800000,800000,0.9200,0.3600,1.5219,balanced
0.4000,0.2500,0.3500,4000000,2500000,3500000,2.500,4.000,2.857,2.300,3.680,2.629,9199977,9199985,9200000,800023,800015,800000,800000,0.9200,0.3450,1.5589,balanced
0.4000,0.3000,0.3000,4000000,3000000,3000000,2.500,3.333,3.333,2.300,3.067,3.067,9199977,9200000,9200000,800023,800000,800000,800000,0.9200,0.3400,1.5710,balanced
0.4000,0.3500,0.2500,4000000,3500000,2500000,2.500,2.857,4.000,2.300,2.629,3.680,9199977,9200000,9199978,800023,800000,800022,800000,0.9200,0.3450,1.5589,balanced
0.4000,0.4000,0.2000,4000000,4000000,2000000,2.500,2.500,5.000,2.300,2.300,4.600,9199977,9200000,9199926,800023,800000,800074,800000,0.9200,0.3600,1.5219,balanced
0.4000,0.4500,0.1500,4000000,4500000,1500000,2.500,2.222,6.667,2.300,2.044,6.133,9199977,9200000,9199841,800023,800000,800159,800000,0.9200,0.3850,1.4577,moderate
0.4000,0.5000,0.1000,4000000,5000000,1000000,2.500,2.000,10.000,2.300,1.840,9.200,9199977,9200000,9199669,800023,800000,800331,800000,0.9200,0.4200,1.3610,moderate
0.4000,0.5500,0.0500,4000000,5500000,500000,2.500,1.818,20.000,2.300,1.673,18.398,9199977,9200000,9199154,800023,800000,800846,800000,0.9200,0.4650,1.2192,moderate
0.4000,0.6000,0.0000,4000000,6000000,0,2.500,1.667,Inf,2.300,1.533,999.000,9199977,9200000,0,800023,800000,10000000,800000,0.9200,0.5200,0.9710,heavy
0.4500,0.0000,0.5500,4500000,0,5500000,2.222,Inf,1.818,2.044,999.000,1.673,9200000,0,9200000,800000,10000000,800000,800000,0.9200,0.5050,0.9928,moderate
0.4500,0.0500,0.5000,4500000,500000,5000000,2.222,20.000,2.000,2.044,18.398,1.840,9200000,9199190,9200000,800000,800810,800000,800000,0.9200,0.4550,1.2345,moderate
0.4500,0.1000,0.4500,4500000,1000000,4500000,2.222,10.000,2.222,2.044,9.200,2.044,9200000,9199687,9200000,800000,800313,800000,800000,0.9200,0.4150,1.3690,moderate
0.4500,0.1500,0.4000,4500000,1500000,4000000,2.222,6.667,2.500,2.044,6.133,2.300,9200000,9199853,9200000,800000,800147,800000,800000,0.9200,0.3850,1.4577,moderate
0.4500,0.2000,0.3500,4500000,2000000,3500000,2.222,5.000,2.857,2.044,4.600,2.629,9200000,9199936,9200000,800000,800064,800000,800000,0.9200,0.3650,1.5129,moderate
0.4500,0.2500,0.3000,4500000,2500000,3000000,2.222,4.000,3.333,2.044,3.680,3.067,9200000,9199985,9200000,800000,800015,800000,800000,0.9200,0.3550,1.5395,moderate
0.4500,0.3000,0.2500,4500000,3000000,2500000,2.222,3.333,4.000,2.044,3.067,3.680,9200000,9200000,9199978,800000,800000,800022,800000,0.9200,0.3550,1.5395,moderate
0.4500,0.3500,0.2000,4500000,3500000,2000000,2.222,2.857,5.000,2.044,2.629,4.600,9200000,9200000,9199926,800000,800000,800074,800000,0.9200,0.3650,1.5129,moderate
0.4500,0.4000,0.1500,4500000,4000000,1500000,2.222,2.500,6.667,2.044,2.300,6.133,9200000,9200000,9199841,800000,800000,800159,800000,0.9200,0.3850,1.4577,moderate
0.4500,0.4500,0.1000,4500000,4500000,1000000,2.222,2.222,10.000,2.044,2.044,9.200,9200000,9200000,9199669,800000,800000,800331,800000,0.9200,0.4150,1.3690,moderate
0.4500,0.5000,0.0500,4500000,5000000,500000,2.222,2.000,20.000,2.044,1.840,18.398,9200000,9200000,9199154,800000,800000,800846,800000,0.9200,0.4550,1.2345,moderate
0.4500,0.5500,0.0000,4500000,5500000,0,2.222,1.818,Inf,2.044,1.673,999.000,9200000,9200000,0,800000,800000,10000000,800000,0.9200,0.5050,0.9928,moderate
0.5000,0.0000,0.5000,5000000,0,5000000,2.000,Inf,2.000,1.840,999.000,1.840,9200000,0,9200000,800000,10000000,800000,800000,0.9200,0.5000,1.0000,moderate
0.5000,0.0500,0.4500,5000000,500000,4500000,2.000,20.000,2.222,1.840,18.398,2.044,9200000,9199190,9200000,800000,800810,800000,800000,0.9200,0.4550,1.2345,moderate
0.5000,0.1000,0.4000,5000000,1000000,4000000,2.000,10.000,2.500,1.840,9.200,2.300,9200000,9199687,9200000,800000,800313,800000,800000,0.9200,0.4200,1.3610,moderate
0.5000,0.1500,0.3500,5000000,1500000,3500000,2.000,6.667,2.857,1.840,6.133,2.629,9200000,9199853,9200000,800000,800147,800000,800000,0.9200,0.3950,1.4406,moderate
0.5000,0.2000,0.3000,5000000,2000000,3000000,2.000,5.000,3.333,1.840,4.600,3.067,9200000,9199936,9200000,800000,800064,800000,800000,0.9200,0.3800,1.4855,moderate
0.5000,0.2500,0.2500,5000000,2500000,2500000,2.000,4.000,4.000,1.840,3.680,3.680,9200000,9199985,9199978,800000,800015,800022,800000,0.9200,0.3750,1.5000,moderate
0.5000,0.3000,0.2000,5000000,3000000,2000000,2.000,3.333,5.000,1.840,3.067,4.600,9200000,9200000,9199926,800000,800000,800074,800000,0.9200,0.3800,1.4855,moderate
0.5000,0.3500,0.1500,5000000,3500000,1500000,2.000,2.857,6.667,1.840,2.629,6.133,9200000,9200000,9199841,800000,800000,800159,800000,0.9200,0.3950,1.4406,moderate
0.5000,0.4000,0.1000,5000000,4000000,1000000,2.000,2.500,10.000,1.840,2.300,9.200,9200000,9200000,9199669,800000,800000,800331,800000,0.9200,0.4200,1.3610,moderate
0.5000,0.4500,0.0500,5000000,4500000,500000,2.000,2.222,20.000,1.840,2.044,18.398,9200000,9200000,9199154,800000,800000,800846,800000,0.9200,0.4550,1.2345,moderate
0.5000,0.5000,0.0000,5000000,5000000,0,2.000,2.000,Inf,1.840,1.840,999.000,9200000,9200000,0,800000,800000,10000000,800000,0.9200,0.5000,1.0000,moderate
0.5500,0.0000,0.4500,5500000,0,4500000,1.818,Inf,2.222,1.673,999.000,2.044,9200000,0,9200000,800000,10000000,800000,800000,0.9200,0.5050,0.9928,moderate
0.5500,0.0500,0.4000,5500000,500000,4000000,1.818,20.000,2.500,1.673,18.398,2.300,9200000,9199190,9200000,800000,800810,800000,800000,0.9200,0.4650,1.2192,moderate
0.5500,0.1000,0.3500,5500000,1000000,3500000,1.818,10.000,2.857,1.673,9.200,2.629,9200000,9199687,9200000,800000,800313,800000,800000,0.9200,0.4350,1.3367,moderate
0.5500,0.1500,0.3000,5500000,1500000,3000000,1.818,6.667,3.333,1.673,6.133,3.067,9200000,9199853,9200000,800000,800147,800000,800000,0.9200,0.4150,1.4060,moderate
0.5500,0.2000,0.2500,5500000,2000000,2500000,1.818,5.000,4.000,1.673,4.600,3.680,9200000,9199936,9199978,800000,800064,800022,800000,0.9200,0.4050,1.4388,moderate
0.5500,0.2500,0.2000,5500000,2500000,2000000,1.818,4.000,5.000,1.673,3.680,4.600,9200000,9199985,9199926,800000,800015,800074,800000,0.9200,0.4050,1.4388,moderate
0.5500,0.3000,0.1500,5500000,3000000,1500000,1.818,3.333,6.667,1.673,3.067,6.133,9200000,9200000,9199841,800000,800000,800159,800000,0.9200,0.4150,1.4060,moderate
0.5500,0.3500,0.1000,5500000,3500000,1000000,1.818,2.857,10.000,1.673,2.629,9.200,9200000,9200000,9199669,800000,800000,800331,800000,0.9200,0.4350,1.3367,moderate
0.5500,0.4000,0.0500,5500000,4000000,500000,1.818,2.500,20.000,1.673,2.300,18.398,9200000,9200000,9199154,800000,800000,800846,800000,0.9200,0.4650,1.2192,moderate
0.5500,0.4500,0.0000,5500000,4500000,0,1.818,2.222,Inf,1.673,2.044,999.000,9200000,9200000,0,800000,800000,10000000,800000,0.9200,0.5050,0.9928,moderate
0.6000,0.0000,0.4000,6000000,0,4000000,1.667,Inf,2.500,1.533,999.000,2.300,9200000,0,9200000,800000,10000000,800000,800000,0.9200,0.5200,0.9710,heavy
0.6000,0.0500,0.3500,6000000,500000,3500000,1.667,20.000,2.857,1.533,18.398,2.629,9200000,9199190,9200000,800000,800810,800000,800000,0.9200,0.4850,1.1884,heavy
0.6000,0.1000,0.3000,6000000,1000000,3000000,1.667,10.000,3.333,1.533,9.200,3.067,9200000,9199687,9200000,800000,800313,800000,800000,0.9200,0.4600,1.2955,heavy
0.6000,0.1500,0.2500,6000000,1500000,2500000,1.667,6.667,4.000,1.533,6.133,3.680,9200000,9199853,9199978,800000,800147,800022,800000,0.9200,0.4450,1.3527,heavy
0.6000,0.2000,0.2000,6000000,2000000,2000000,1.667,5.000,5.000,1.533,4.600,4.600,9200000,9199936,9199926,800000,800064,800074,800000,0.9200,0.4400,1.3710,heavy
0.6000,0.2500,0.1500,6000000,2500000,1500000,1.667,4.000,6.667,1.533,3.680,6.133,9200000,9199985,9199841,800000,800015,800159,800000,0.9200,0.4450,1.3527,heavy
0.6000,0.3000,0.1000,6000000,3000000,1000000,1.667,3.333,10.000,1.533,3.067,9.200,9200000,9200000,9199669,800000,800000,800331,800000,0.9200,0.4600,1.2955,heavy
0.6000,0.3500,0.0500,6000000,3500000,500000,1.667,2.857,20.000,1.533,2.629,18.398,9200000,9200000,9199154,800000,800000,800846,800000,0.9200,0.4850,1.1884,heavy
0.6000,0.4000,0.0000,6000000,4000000,0,1.667,2.500,Inf,1.533,2.300,999.000,9200000,9200000,0,800000,800000,10000000,800000,0.9200,0.5200,0.9710,heavy
0.6500,0.0000,0.3500,6500000,0,3500000,1.538,Inf,2.857,1.415,999.000,2.629,9200000,0,9200000,800000,10000000,800000,800000,0.9200,0.5450,0.9341,heavy
0.6500,0.0500,0.3000,6500000,500000,3000000,1.538,20.000,3.333,1.415,18.398,3.067,9200000,9199190,9200000,800000,800810,800000,800000,0.9200,0.5150,1.1412,heavy
0.6500,0.1000,0.2500,6500000,1000000,2500000,1.538,10.000,4.000,1.415,9.200,3.680,9200000,9199687,9199978,800000,800313,800022,800000,0.9200,0.4950,1.2362,heavy
0.6500,0.1500,0.2000,6500000,1500000,2000000,1.538,6.667,5.000,1.415,6.133,4.600,9200000,9199853,9199926,800000,800147,800074,800000,0.9200,0.4850,1.2789,heavy
0.6500,0.2000,0.1500,6500000,2000000,1500000,1.538,5.000,6.667,1.415,4.600,6.133,9200000,9199936,9199841,800000,800064,800159,800000,0.9200,0.4850,1.2789,heavy
0.6500,0.2500,0.1000,6500000,2500000,1000000,1.538,4.000,10.000,1.415,3.680,9.200,9200000,9199985,9199669,800000,800015,800331,800000,0.9200,0.4950,1.2362,heavy
0.6500,0.3000,0.0500,6500000,3000000,500000,1.538,3.333,20.000,1.415,3.067,18.398,9200000,9200000,9199154,800000,800000,800846,800000,0.9200,0.5150,1.1412,heavy
0.6500,0.3500,0.0000,6500000,3500000,0,1.538,2.857,Inf,1.415,2.629,999.000,9200000,9200000,0,800000,800000,10000000,800000,0.9200,0.5450,0.9341,heavy
0.7000,0.0000,0.3000,7000000,0,3000000,1.429,Inf,3.333,1.314,999.000,3.067,9200000,0,9200000,800000,10000000,800000,800000,0.9200,0.5800,0.8813,heavy
0.7000,0.0500,0.2500,7000000,500000,2500000,1.429,20.000,4.000,1.314,18.398,3.680,9200000,9199190,9199978,800000,800810,800022,800000,0.9200,0.5550,1.0763,heavy
0.7000,0.1000,0.2000,7000000,1000000,2000000,1.429,10.000,5.000,1.314,9.200,4.600,9200000,9199687,9199926,800000,800313,800074,800000,0.9200,0.5400,1.1568,heavy
0.7000,0.1500,0.1500,7000000,1500000,1500000,1.429,6.667,6.667,1.314,6.133,6.133,9200000,9199853,9199841,800000,800147,800159,800000,0.9200,0.5350,1.1813,heavy
0.7000,0.2000,0.1000,7000000,2000000,1000000,1.429,5.000,10.000,1.314,4.600,9.200,9200000,9199936,9199669,800000,800064,800331,800000,0.9200,0.5400,1.1568,heavy
0.7000,0.2500,0.0500,7000000,2500000,500000,1.429,4.000,20.000,1.314,3.680,18.398,9200000,9199985,9199154,800000,800015,800846,800000,0.9200,0.5550,1.0763,heavy
0.7000,0.3000,0.0000,7000000,3000000,0,1.429,3.333,Inf,1.314,3.067,999.000,9200000,9200000,0,800000,800000,10000000,800000,0.9200,0.5800,0.8813,heavy
0.7500,0.0000,0.2500,7500000,0,2500000,1.333,Inf,4.000,1.227,999.000,3.680,9200000,0,9199978,800000,10000000,800022,800000,0.9200,0.6250,0.8113,heavy
0.7500,0.0500,0.2000,7500000,500000,2000000,1.333,20.000,5.000,1.227,18.398,4.600,9200000,9199190,9199926,800000,800810,800074,800000,0.9200,0.6050,0.9918,heavy
0.7500,0.1000,0.1500,7500000,1000000,1500000,1.333,10.000,6.667,1.227,9.200,6.133,9200000,9199687,9199841,800000,800313,800159,800000,0.9200,0.5950,1.0540,heavy
0.7500,0.1500,0.1000,7500000,1500000,1000000,1.333,6.667,10.000,1.227,6.133,9.200,9200000,9199853,9199669,800000,800147,800331,800000,0.9200,0.5950,1.0540,heavy
0.7500,0.2000,0.0500,7500000,2000000,500000,1.333,5.000,20.000,1.227,4.600,18.398,9200000,9199936,9199154,800000,800064,800846,800000,0.9200,0.6050,0.9918,heavy
0.7500,0.2500,0.0000,7500000,2500000,0,1.333,4.000,Inf,1.227,3.680,999.000,9200000,9199985,0,800000,800015,10000000,800000,0.9200,0.6250,0.8113,heavy
0.8000,0.0000,0.2000,8000000,0,2000000,1.250,Inf,5.000,1.150,999.000,4.600,9200000,0,9199926,800000,10000000,800074,800000,0.9200,0.6800,0.7219,extreme
0.8000,0.0500,0.1500,8000000,500000,1500000,1.250,20.000,6.667,1.150,18.398,6.133,9200000,9199190,9199841,800000,800810,800159,800000,0.9200,0.6650,0.8842,extreme
0.8000,0.1000,0.1000,8000000,1000000,1000000,1.250,10.000,10.000,1.150,9.200,9.200,9200000,9199687,9199669,800000,800313,800331,800000,0.9200,0.6600,0.9219,extreme
0.8000,0.1500,0.0500,8000000,1500000,500000,1.250,6.667,20.000,1.150,6.133,18.398,9200000,9199853,9199154,800000,800147,800846,800000,0.9200,0.6650,0.8842,extreme
0.8000,0.2000,0.0000,8000000,2000000,0,1.250,5.000,Inf,1.150,4.600,999.000,9200000,9199936,0,800000,800064,10000000,800000,0.9200,0.6800,0.7219,extreme
0.8500,0.0000,0.1500,8500000,0,1500000,1.176,Inf,6.667,1.082,999.000,6.133,9200000,0,9199841,800000,10000000,800159,800000,0.9200,0.7450,0.6098,extreme
0.8500,0.0500,0.1000,8500000,500000,1000000,1.176,20.000,10.000,1.082,18.398,9.200,9200000,9199190,9199669,800000,800810,800331,800000,0.9200,0.7350,0.7476,extreme
0.8500,0.1000,0.0500,8500000,1000000,500000,1.176,10.000,20.000,1.082,9.200,18.398,9200000,9199687,9199154,800000,800313,800846,800000,0.9200,0.7350,0.7476,extreme
0.8500,0.1500,0.0000,8500000,1500000,0,1.176,6.667,Inf,1.082,6.133,999.000,9200000,9199853,0,800000,800147,10000000,800000,0.9200,0.7450,0.6098,extreme
0.9000,0.0000,0.1000,9000000,0,1000000,1.111,Inf,10.000,1.022,999.000,9.200,9200000,0,9199669,800000,10000000,800331,800000,0.9200,0.8200,0.4690,extreme
0.9000,0.0500,0.0500,9000000,500000,500000,1.111,20.000,20.000,1.022,18.398,18.398,9200000,9199190,9199154,800000,800810,800846,800000,0.9200,0.8150,0.5690,extreme
0.9000,0.1000,0.0000,9000000,1000000,0,1.111,10.000,Inf,1.022,9.200,999.000,9200000,9199687,0,800000,800313,10000000,800000,0.9200,0.8200,0.4690,extreme
0.9500,0.0000,0.0500,9500000,0,500000,1.053,Inf,20.000,0.968,999.000,18.398,9200000,0,9199154,800000,10000000,800846,800000,0.9200,0.9050,0.2864,extreme
0.9500,0.0500,0.0000,9500000,500000,0,1.053,20.000,Inf,0.968,18.398,999.000,9200000,9199190,0,800000,800810,10000000,800000,0.9200,0.9050,0.2864,extreme
1.0000,0.0000,0.0000,10000000,0,0,1.000,Inf,Inf,0.920,999.000,999.000,9200000,0,0,800000,10000000,10000000,800000,0.9200,1.0000,0.0000,extreme